ITEM,CAL,FAT,SFAT,TFAT,CHOL,SALT,CARB,FBR,SGR,PRO,CATEGORY
Triple Cheeseburger,520,28,14,1.5,110,1180,35,2,7,32,BURGER
Cheddar Bacon Onion Grilled Chicken Sandwich,650,26,10,0.5,155,2130,50,4,14,53,BURGER
Bacon Clubhouse Burger,740,41,16,1.5,120,1420,51,4,14,40,BURGER
Premium Grilled Chicken Bacon Clubhouse Sandwich,630,26,8,0,145,1830,50,4,14,48,BURGER
Double Filet-O-Fish,540,26,6,0,80,780,48,2,5,28,BURGER
Premium Buttermilk Crispy Chicken Bacon Clubhouse Sandwich,790,40,10,0.5,105,1720,69,5,14,39,BURGER
Buffalo Ranch McChicken,360,16,3,0,40,800,40,2,5,15,BURGER
Bacon Buffalo Ranch McChicken,430,21,4.5,0,55,1040,40,2,6,20,BURGER
Bacon Cheddar McChicken,550,32,9,0,80,950,41,2,6,24,BURGER
Southern Style Buttermilk Crispy Chicken Sandwich,470,20,4.5,0,65,950,48,3,5,25,BURGER
Big Mac,540,28,10,1,80,950,45,3,9,25,BURGER
Quarter Pounder,430,20,8,1,75,700,38,2,9,26,BURGER
Quarter Pounder with Cheese,530,27,13,1.5,100,1090,41,3,10,31,BURGER
Quarter Pounder Bacon & Cheese,590,29,13,1.5,105,1330,48,3,12,36,BURGER
Double Quarter Pounder with Cheese,770,45,21,2.5,175,1290,42,3,10,51,BURGER
Hamburger,250,8,3,0,30,480,31,1,6,13,BURGER
Hot 'n Spicy McChicken,420,22,4,0,45,590,39,3,5,14,BURGER
Cheeseburger,300,12,6,0.5,40,680,33,2,7,15,BURGER
BBQ Ranch Burger,350,15,6,0.5,45,670,37,3,7,16,BURGER
Grilled Onion Cheddar,310,13,6,0.5,45,640,32,2,6,15,BURGER
Double Cheeseburger,440,22,11,1,85,1050,34,2,7,25,BURGER
McDouble,390,18,8,1,70,850,33,2,7,22,BURGER
Bacon McDouble,450,23,10,1,85,1090,34,2,7,28,BURGER
Bacon Cheddar Hot 'n Spicy McChicken,550,32,9,0.5,80,960,41,3,6,24,BURGER
Daily Double,480,29,10,1,80,750,33,2,7,23,BURGER
Ranch Snack Wrap (Buttermilk Crispy),380,20,6,0,45,830,34,2,2,16,BURGER
Ranch Snack Wrap (Grilled),300,13,4.5,0,65,890,25,1,2,21,BURGER
Mac Snack Wrap,340,20,7,1,50,660,26,2,2,15,BURGER
Jalapeño Double,440,24,9,1,75,980,35,2,6,23,BURGER
Quarter Pounder Deluxe,640,39,15,1.5,110,1170,41,3,11,31,BURGER
McTeri Deluxe,610,31,10,1,85,1190,56,3,25,27,BURGER
Double Homestyle Burger,690,39,16,2.5,150,920,38,3,7,46,BURGER
Bacon Double Cheeseburger,500,26,12,1,100,1280,36,3,8,30,BURGER
Denali Big Mac,850,51,20,2.5,170,1090,47,3,9,50,BURGER
Green Chili Double Cheeseburger,390,18,8,1,70,760,34,2,7,23,BURGER
Quarter Pounder Cheddar Bacon Onion,770,43,18,2,135,1670,52,4,14,44,BURGER
Daily Double Burger Mustard Style,380,18,8,1,70,720,33,2,6,23,BURGER
Double Grilled Onion Cheddar Burger,390,19,9,1,70,760,32,2,6,23,BURGER
Grilled Onion Cheddar Burger Triple,530,29,14,1.5,115,1080,35,2,6,32,BURGER
Big Mac with Butter,560,31,12,1,85,950,46,3,9,25,BURGER
Homestyle Burger,440,21,8,1,75,630,36,3,6,26,BURGER
Cheeseburger Bacon,360,16,7,0.5,55,920,34,2,7,21,BURGER
Triple Bacon Cheeseburger,590,32,15,1.5,125,1400,37,3,8,38,BURGER
Hamburger New York,250,8,3,0,30,470,31,2,6,13,BURGER
Cheeseburger New York,300,12,5,0.5,40,670,33,2,7,15,BURGER
Triple Cheeseburger New York,520,28,13,1.5,110,1160,36,2,7,32,BURGER
Quarter Pounder Deluxe New York,590,32,14,1.5,105,1170,44,4,11,32,BURGER
Quarter Pounder New York,430,20,8,1,75,700,38,2,9,26,BURGER
Green Chili Double Cheeseburger New York,390,18,8,1,70,750,34,2,7,23,BURGER
Double Cheeseburger New York,430,22,11,1,85,1040,35,2,7,25,BURGER
Cheeseburger Bacon New York,360,16,7,0.5,55,920,34,2,7,20,BURGER
Bacon Double Cheeseburger New York,500,26,12,1,100,1270,36,2,8,30,BURGER
Triple Bacon Cheeseburger New York,590,32,15,1.5,125,1400,37,2,8,38,BURGER
Bacon McDouble New York,450,22,10,1,85,1080,34,2,7,28,BURGER
Quarter Pounder With Cheese New York,530,27,13,1.5,100,1090,41,3,10,31,BURGER
Double Quarter Pounder With Cheese New York,770,45,21,2.5,175,1280,42,3,10,51,BURGER
Signature Sriracha Burger on Artisan Roll,680,35,13,1.5,95,1040,57,3,13,32,BURGER
Double Lone Star Stack Burger,960,53,24,3,200,2040,60,3,18,61,BURGER
Lone Star Stack Burger,720,36,16,1.5,125,1850,59,3,18,41,BURGER
Buffalo Bacon Burger on Artisan Roll,620,33,13,1.5,105,1170,46,3,11,37,BURGER
Swiss Mushroom Melt Burger on Artisan Roll,620,33,17,1.5,115,570,47,3,11,36,BURGER
Bacon Quarter Pounder With Cheese,630,34,15,1.5,125,1450,42,3,10,39,BURGER
Bacon Smokehouse Burger on Artisan Roll,840,45,17,1.5,130,1580,62,2,18,46,BURGER
Double Bacon Smokehouse Burger on Artisan Roll (Fresh Beef),1130,600,103,136,220,73,80,21,14,70,BURGER
Cheddar Bacon Onion Grilled Chicken Sandwich,650,26,10,0.5,155,2130,50,4,14,53,CHICKEN
Premium Grilled Chicken Bacon Clubhouse Sandwich,630,26,8,0,145,1830,50,4,14,48,CHICKEN
Double Filet-O-Fish,540,26,6,0,80,780,48,2,5,28,CHICKEN
Premium Buttermilk Crispy Chicken Bacon Clubhouse Sandwich,790,40,10,0.5,105,1720,69,5,14,39,CHICKEN
McChicken,410,22,4,0,45,590,39,2,5,15,CHICKEN
Buffalo Ranch McChicken,360,16,3,0,40,800,40,2,5,15,CHICKEN
Bacon Buffalo Ranch McChicken,430,21,4.5,0,55,1040,40,2,6,20,CHICKEN
Bacon Cheddar McChicken,550,32,9,0,80,950,41,2,6,24,CHICKEN
Southern Style Buttermilk Crispy Chicken Sandwich,470,20,4.5,0,65,950,48,3,5,25,CHICKEN
Filet-O-Fish,390,19,4,0,45,560,38,2,5,17,CHICKEN
Hot 'n Spicy McChicken,420,22,4,0,45,590,39,3,5,14,CHICKEN
Bacon Cheddar Hot 'n Spicy McChicken,550,32,9,0.5,80,960,41,3,6,24,CHICKEN
Chicken McNuggets (10 piece),440,27,4.5,0,75,840,26,2,0,24,CHICKEN
Ranch Snack Wrap (Buttermilk Crispy),380,20,6,0,45,830,34,2,2,16,CHICKEN
Chicken McNuggets (20 piece),890,53,9,0,145,1680,53,4,0,49,CHICKEN
Chicken McNuggets (6 piece),270,16,2.5,0,45,510,16,1,0,15,CHICKEN
Chicken McNuggets (40 piece),1770,107,18,0.5,295,3370,105,7,1,98,CHICKEN
Premium Bacon Ranch Salad with Buttermilk Crispy Chicken,490,28,8,0,95,1120,28,4,4,33,CHICKEN
Ranch Snack Wrap (Grilled),300,13,4.5,0,65,890,25,1,2,21,CHICKEN
Premium Bacon Ranch Salad with Grilled Chicken,320,14,6,0,135,1230,9,3,4,42,CHICKEN
Premium Southwest Salad with Buttermilk Crispy Chicken,520,25,6,0,75,960,46,8,9,28,CHICKEN
Premium Southwest Salad with Grilled Chicken,350,11,4.5,0,110,1070,27,6,9,37,CHICKEN
Chicken McNuggets (4 piece),180,11,2,0,30,340,11,1,0,10,CHICKEN
Artisan Grilled Chicken Sandwich,380,7,2,0,95,1110,44,3,11,37,CHICKEN
Buttermilk Crispy Chicken Sandwich,630,29,5,0,70,1030,63,4,11,28,CHICKEN
Veggie McWrap,480,19,6,0.5,20,870,63,8,14,15,CHICKEN
Chicken McNuggets (50 Piece),2210,133,22,1,370,4210,132,9,1,122,CHICKEN
Lobster Roll,290,5,1.5,0,65,630,35,2,3,24,CHICKEN
McChicken Deluxe,510,28,7,0,65,740,44,3,6,20,CHICKEN
Old Bay Double Filet-O-Fish Sandwich,540,25,6,0,80,760,49,3,5,29,CHICKEN
Old Bay Filet-O-Fish Sandwich,390,18,3.5,0,45,540,40,2,5,17,CHICKEN
Jalapeno McChicken,430,20,5,0,55,1030,44,3,6,18,CHICKEN
Hot N' Spicy McChicken Deluxe,510,29,8,0,65,750,45,4,6,20,CHICKEN
McChicken Scratch Biscuit,450,22,9,0,75,1080,49,3,3,15,CHICKEN
McGriddles Buttermilk Crispy Chicken,540,22,6,0,60,1320,61,3,14,24,CHICKEN
Southern Style Chicken McGriddles,410,15,4.5,0,30,1160,51,1,16,16,CHICKEN
Southern Style Chicken Biscuit Pressure Fried,440,22,8,0,40,1140,46,2,4,15,CHICKEN
Buttermilk Crispy Chicken Biscuit,570,28,10,0,60,1380,55,3,2,24,CHICKEN
Southern Style Chicken Scratch Biscuit Pressure Fried,460,23,8,0,75,1160,49,2,4,15,CHICKEN
Hot N Spicy McChicken Scratch Biscuit,460,23,9,0,75,1090,49,3,3,14,CHICKEN
Buttermilk Crispy Tenders 2 pc,250,13,2,0,55,700,13,0,0,20,CHICKEN
Buttermilk Crispy Tenders 4 pc,500,27,4,0,110,1390,25,0,1,39,CHICKEN
Buttermilk Crispy Tenders 10 pc,1250,67,10,0,270,3480,63,1,2,98,CHICKEN
Signature Sriracha Buttermilk Crispy Chicken on Artisan Roll,760,36,9,0.5,85,1430,75,5,13,34,CHICKEN
Signature Sriracha Artisan Grilled Chicken on Artisan Roll,590,22,7,0,125,1390,56,3,14,43,CHICKEN
Buttermilk Crispy Tenders 6 pc,750,40,6,0,160,2090,38,1,1,59,CHICKEN
Buttermilk Crispy Chicken Tenders (20 piece),2500,135,20,1,540,6950,126,2,3,195,CHICKEN
Buttermilk Crispy Chicken Tenders Pressure Fried (4 piece),480,24,3.5,0,110,1430,22,0,0,42,CHICKEN
Buttermilk Crispy Chicken Tenders Pressure Fried (10 piece),1190,60,9,0,280,3570,56,1,0,105,CHICKEN
Buttermilk Crispy Chicken Tenders Pressure Fried (2 piece),240,12,2,0,55,710,11,0,0,21,CHICKEN
Buttermilk Crispy Chicken Tenders Pressure Fried (6 piece),710,36,5,0,170,2140,34,1,0,63,CHICKEN
Buttermilk Crispy Chicken Tenders Pressure Fried (20 piece),2380,121,18,1,560,7130,112,2,1,210,CHICKEN
Buffalo Bacon Artisan Grilled Chicken on Artisan Roll,520,17,5,0,125,1710,45,3,11,45,CHICKEN
Swiss Mushroom Melt Buttermilk Crispy Chicken on Artisan Roll,700,32,12,0.5,105,1120,66,5,11,37,CHICKEN
Swiss Mushroom Melt Artisan Grilled on Artisan Roll,540,19,10,0.5,140,1240,47,3,12,46,CHICKEN
Buffalo Bacon Buttermilk Crispy Chicken on Artisan Roll,680,31,7,0,90,1600,64,4,11,36,CHICKEN
Classic Chicken Sandwich,510,24,4,0,65,1040,49,3,6,25,CHICKEN
Ranch Snack Wrap Buttermilk Chicken Tender,360,19,5,0,45,870,31,1,2,16,CHICKEN
Bacon Smokehouse Buttermilk Crispy Chicken on Artisan Roll,920,45,12,0.5,120,1980,81,4,18,46,CHICKEN
Bacon Smokehouse Artisan Grilled Chicken on Artisan Roll,750,31,10,0.5,155,1940,62,2,18,55,CHICKEN
Fruit 'n Yogurt Parfait,150,2,1,0,5,75,30,1,22,4,BREAKFAST
Steak & Egg Burrito,350,15,6,0.5,115,950,38,2,3,16,BREAKFAST
Steak Egg & Cheese Bagel,630,31,14,1.5,255,1450,54,4,7,32,BREAKFAST
Steak Egg & Cheese Biscuit,530,30,15,1,230,1500,40,3,4,25,BREAKFAST
Sausage McMuffin with Egg,470,30,12,0,275,810,30,2,3,21,BREAKFAST
Hotcakes and Sausage,790,35,13,0,80,890,103,2,45,16,BREAKFAST
Southern Style Chicken Biscuit,440,21,8,0,35,1220,45,2,4,16,BREAKFAST
Sausage Burrito,300,16,6,0,165,780,26,1,2,13,BREAKFAST
Fruit & Maple Oatmeal,310,4,1.5,0,5,140,62,5,33,6,BREAKFAST
Egg McMuffin,300,12,6,0,245,730,30,2,3,18,BREAKFAST
Bacon Egg & Cheese Biscuit,450,24,12,0,200,1300,40,2,3,18,BREAKFAST
Sausage Biscuit,460,30,13,0,40,1050,36,2,3,11,BREAKFAST
Sausage Biscuit with Egg,530,34,15,0,205,1140,38,2,3,17,BREAKFAST
Bacon Egg & Cheese McGriddles,420,18,8,0,195,1240,45,2,15,18,BREAKFAST
Sausage McGriddles,430,24,9,0,35,990,42,1,15,11,BREAKFAST
Sausage Egg & Cheese McGriddles,550,32,13,0,220,1290,45,2,15,20,BREAKFAST
Bacon Egg & Cheese Bagel with Egg Whites,510,22,10,0.5,65,1240,53,3,7,25,BREAKFAST
Big Breakfast,750,49,18,0,465,1490,53,3,3,25,BREAKFAST
Big Breakfast with Hotcakes,1350,65,25,0.5,510,2100,155,6,48,35,BREAKFAST
Cinnamon Melts,460,19,9,0,15,370,66,3,32,6,BREAKFAST
Hotcakes,600,16,7,0,45,610,102,2,45,9,BREAKFAST
Egg White Delight,280,10,6,0,40,680,29,2,2,18,BREAKFAST
Hash Browns,150,9,1.5,0,0,320,16,1,0,1,BREAKFAST
Bacon Egg & Cheese Scratch Biscuit,480,25,12,0,235,1310,43,3,4,19,BREAKFAST
Sausage Scratch Biscuit,490,32,13,0,75,1070,39,2,3,12,BREAKFAST
Sausage Scratch Biscuit with Egg,550,36,15,0,240,1160,41,2,4,18,BREAKFAST
Southern Style Chicken Scratch Biscuit,460,23,8,0,70,1240,48,2,5,16,BREAKFAST
Sausage McMuffin with Egg Whites,430,26,11,0,60,830,29,2,3,20,BREAKFAST
Bacon Egg & Cheese McGriddles with Egg Whites,380,15,7,0,35,1230,44,2,15,18,BREAKFAST
Bacon Egg & Cheese Biscuit with Egg Whites,410,21,11,0,40,1290,39,2,3,18,BREAKFAST
Big Breakfast with Egg Whites,670,40,15,0,50,1540,52,3,3,24,BREAKFAST
Big Breakfast with Hotcakes and Egg Whites,1270,57,22,0.5,95,2150,154,6,48,33,BREAKFAST
Fruit & Maple Oatmeal without Brown Sugar,260,4,1.5,0,5,115,49,5,18,6,BREAKFAST
Sausage Biscuit with Egg Whites,490,31,14,0,45,1140,36,2,3,17,BREAKFAST
Sausage Egg & Cheese McGriddles with Egg Whites,510,29,12,0,55,1270,44,2,15,19,BREAKFAST
Bacon Egg & Cheese Bagel,500,22,9,0,210,1070,52,3,7,23,BREAKFAST
Steak Egg & Cheese McMuffin,430,22,10,1,285,970,30,2,3,26,BREAKFAST
Sausage McMuffin,400,25,10,0,55,740,29,2,3,14,BREAKFAST
Biscuit and Sausage Gravy,440,26,10,0,25,1210,43,2,3,9,BREAKFAST
Chorizo Burrito,310,15,6,0,175,820,28,2,3,16,BREAKFAST
Chicken McGriddles,390,15,4.5,0,35,1000,51,2,14,14,BREAKFAST
Egg and Cheese Bagel,480,20,9,0.5,210,1020,53,4,7,20,BREAKFAST
Blueberry Muffin Main Street Gourmet,400,15,3,0,45,340,60,2,34,7,BREAKFAST
Big Breakfast Two Bacon Hotcakes Scrambled Egg and Biscuit,1290,56,22,0.5,505,2300,156,6,48,39,BREAKFAST
Bacon and White Cheddar Cheese McMuffin,350,16,7,0,255,770,30,2,3,20,BREAKFAST
Steak and Egg Biscuit,480,27,13,1,215,1300,38,2,3,22,BREAKFAST
Steak Egg and Cheese McGriddles,500,24,11,1,225,1430,46,3,16,25,BREAKFAST
Apple Cinnamon Muffin,300,2.5,0.5,0,0,520,61,3,30,7,BREAKFAST
Sausage Egg and Cheese Bagel,670,39,16,0.5,245,1300,54,4,7,27,BREAKFAST
Chicken Sausage and Egg McMuffin,360,17,7,0,285,870,30,2,2,23,BREAKFAST
Big Breakfast Sausage Scrambled with Hotcakes and Muffin,1240,57,20,0.5,510,1600,146,5,47,35,BREAKFAST
Double Sausage McMuffin with Egg and Cheese,670,48,18,0.5,310,1100,30,2,3,28,BREAKFAST
Cranberry Orange Muffin,380,9,1.5,0,0,430,70,3,35,6,BREAKFAST
Spam Eggs and Rice,480,25,9,0,470,780,36,0,1,24,BREAKFAST
Bagel With Cream Cheese,310,8,4,0,25,570,49,3,6,10,BREAKFAST
Blueberry Biscuit,230,8,4,0,0,470,36,1,11,3,BREAKFAST
Biscuit Sausage Egg and Cheese,580,38,17,0,220,1340,39,3,3,20,BREAKFAST
Big Breakfast Sausage and English Muffin,640,40,13,0,470,990,44,3,2,26,BREAKFAST
McChicken Biscuit,430,21,9,0,40,1060,45,2,2,14,BREAKFAST
Biscuit Sausage Gravy Platter,890,52,20,0,50,2410,87,3,6,19,BREAKFAST
McGriddles Chicken Sausage,320,11,4.5,0,45,1050,42,1,14,13,BREAKFAST
Cinnamon Sweet Cheese Pastry,150,8,5,0,35,160,16,0,7,3,BREAKFAST
Raspberry Pastry,110,5,2.5,0,15,105,14,1,4,2,BREAKFAST
Bacon Biscuit,340,17,9,0,20,1010,36,2,3,10,BREAKFAST
Bagel Plain,250,2,0,0,0,480,48,3,5,9,BREAKFAST
Country Ham Biscuit,340,14,8,0,35,1600,36,2,2,15,BREAKFAST
Big Breakfast Steak Hotcakes Scrambled with Biscuit,1290,57,23,1.5,515,2190,155,6,47,40,BREAKFAST
Biscuit Chicken Sausage,350,17,8,0,50,1110,36,2,2,13,BREAKFAST
Berry Bran Muffin,410,15,1.5,0,0,480,62,7,28,7,BREAKFAST
Grits,140,6,3.5,0,15,75,19,2,0,2,BREAKFAST
Local Deluxe Breakfast,900,45,16,0,520,1340,82,1,2,38,BREAKFAST
Double Chocolate Muffin,450,15,3.5,0,0,600,74,4,42,8,BREAKFAST
Blueberry Muffin,450,17,1.5,0,0,360,67,3,32,7,BREAKFAST
Cinnamon Coffee Cake,160,7,2,0,20,125,22,1,13,2,BREAKFAST
Steak Egg and Cheese Bagel with Slivered Onions,620,30,13,1,255,1390,54,4,7,32,BREAKFAST
Big Breakfast Bacon Scrambled and Biscuit,690,40,15,0,460,1690,54,3,3,30,BREAKFAST
Country Ham and Egg Biscuit,400,18,9,0,205,1690,38,2,2,21,BREAKFAST
Chicken Sausage McMuffin,290,12,6,0,65,800,29,2,2,16,BREAKFAST
Big Breakfast Bacon Sausage Scrambled with Hotcakes and Muffin,1310,61,22,0.5,525,1840,147,5,48,40,BREAKFAST
Biscuit Sausage and Cheese,510,34,16,0,55,1250,38,2,3,14,BREAKFAST
Spam Side Order,190,16,6,0,45,660,1,0,1,8,BREAKFAST
Portuguese Sausage Eggs and Rice,520,29,10,0,475,690,37,1,2,26,BREAKFAST
Fruit and Maple Oatmeal with Maple Sugar Packet,270,4,1.5,0,5,115,53,5,22,7,BREAKFAST
Egg and Chorizo Breakfast Bowl,460,29,9,0,500,1060,23,3,2,27,BREAKFAST
Hot N Spicy McChicken Biscuit,430,22,9,0,40,1070,46,3,2,14,BREAKFAST
Big Breakfast Steak Scrambled with Biscuit,710,41,16,1,475,1640,53,3,3,31,BREAKFAST
McGriddles Spam,450,21,9,0,205,1320,45,2,15,17,BREAKFAST
Green Chile Bacon Burrito,690,35,12,1,410,1640,66,3,5,29,BREAKFAST
Green Chile Sausage Burrito,820,48,17,1,430,1680,66,3,5,30,BREAKFAST
Scratch Biscuit and Gravy,470,27,10,0,55,1290,47,2,4,10,BREAKFAST
Biscuit Scratch Sausage and Cheese,540,35,15,0,90,1270,41,2,4,14,BREAKFAST
Lemon Poppy Seed Muffin Topper,150,7,1.5,0,15,120,22,1,13,2,BREAKFAST
Chocolate Coffee Cake,170,8,2.5,0,20,180,21,1,13,2,BREAKFAST
Blueberry Muffin Topper,160,7,2,0,20,150,22,0,12,2,BREAKFAST
Double Chocolate Muffin Topper,170,8,2.5,0,20,140,23,1,14,2,BREAKFAST
Carrot Muffin,440,17,1.5,0,0,370,67,2,35,6,BREAKFAST
Mini Butter Croissant,140,7,4.5,0,30,180,16,1,2,3,BREAKFAST
Turkey Sausage and Tomatillo Scramble Bowl,330,200,34,41,575,191,29,2,5,29,BREAKFAST
Side Salad,15,0,0,0,0,15,3,1,1,1,SALAD
Premium Bacon Ranch Salad (without chicken),190,12,5,0,40,500,9,3,3,14,BREAKFAST
Premium Southwest Salad (without chicken),160,7,3,0,15,200,19,5,4,8,BREAKFAST
Premium Bacon Ranch Salad with Buttermilk Crispy Chicken,490,28,8,0,95,1120,28,4,4,33,BREAKFAST
Premium Bacon Ranch Salad with Grilled Chicken,320,14,6,0,135,1230,9,3,4,42,BREAKFAST
Premium Southwest Salad with Buttermilk Crispy Chicken,520,25,6,0,75,960,46,8,9,28,BREAKFAST
Premium Southwest Salad with Grilled Chicken,350,11,4.5,0,110,1070,27,6,9,37,BREAKFAST
Broccoli Cheese Soup,190,11,3,0,25,1340,14,0,3,6,BREAKFAST
Chicken Noodle Soup,110,2,0.5,0,25,830,15,0,1,10,BREAKFAST
Fruit 'n Yogurt Parfait,150,2,1,0,5,75,30,1,22,4,BREAKFAST
Small French Fries,230,11,1.5,0,0,160,29,3,0,3,BREAKFAST
Fruit 'n Yogurt Parfait with Chobani,120,0.5,0,0,5,65,21,1,16,8,SNACKSIDE
Apple Slices,15,0,0,0,0,0,4,0,3,0,SNACKSIDE
Side Salad,15,0,0,0,0,15,3,1,1,1,SNACKSIDE
Large French Fries,510,24,3.5,0,0,350,66,6,0,7,SNACKSIDE
Kids Fries,110,5,1,0,0,80,15,1,0,1,SNACKSIDE
Ranch Snack Wrap (Buttermilk Crispy),380,20,6,0,45,830,34,2,2,16,SNACKSIDE
Ranch Snack Wrap (Grilled),300,13,4.5,0,65,890,25,1,2,21,SNACKSIDE
Mac Snack Wrap,340,20,7,1,50,660,26,2,2,15,SNACKSIDE
Go-GURT Strawberry Flavored Low Fat Yogurt Tube,50,0.5,0,0,5,30,8,0,6,3,SNACKSIDE
Mozzarella Sticks (3 Piece),190,10,4,0,20,460,18,1,1,8,SNACKSIDE
Basket of Fries,670,32,4.5,0,0,460,87,8,0,9,SNACKSIDE
Pineapple Side,60,0,0,0,0,0,15,2,11,1,SNACKSIDE
McCheddar Potato Bites (12 piece),400,20,5,0,15,1070,47,3,3,9,SNACKSIDE
Popcorn (Large),500,33,3,0,0,1250,45,3,0,6,SNACKSIDE
Medium French Fries,340,16,2,0,0,230,44,4,0,4,SNACKSIDE
Portuguese Sausage Side Order,220,19,7,0,50,570,2,0,1,10,SNACKSIDE
Saimin,240,2.5,1,0,20,610,45,2,2,10,SNACKSIDE
Popcorn (Small),230,15,1.5,0,0,580,21,1,0,3,SNACKSIDE
McCheddar Potato Bites (8 piece),270,13,3.5,0,10,710,31,2,2,6,SNACKSIDE
Gourmet Twist Hot Pretzel with Butter Salt,450,4.5,0,0,0,960,85,3,3,12,SNACKSIDE
Plain Gourmet Pretzel Twist,440,3.5,0,0,0,460,85,3,3,12,SNACKSIDE
Gilroy Garlic Fries (Large),600,31,6,0,0,620,70,7,1,10,SNACKSIDE
Gilroy Garlic Fries (Medium),420,23,4.5,0,0,500,48,5,1,8,SNACKSIDE
Fruit 'N Yogurt Parfait (Large),300,4.5,2.5,0,15,110,58,1,45,8,SNACKSIDE
Cheese Curds,440,30,15,1,80,970,18,2,1,24,SNACKSIDE
French Fries (Large) Compostable Packaging,470,22,3,0,0,330,61,5,0,6,SNACKSIDE
French Fries (Medium) Compostable Packaging,380,18,2.5,0,0,260,49,4,0,5,SNACKSIDE
French Fries (Kids) Compostable Packaging,190,9,1,0,0,130,25,2,0,2,SNACKSIDE
Hot Caramel Sundae Compostable Packaging,340,10,5,0,25,140,54,1,38,7,SNACKSIDE
Strawberry Sundae Compostable Packaging,270,9,3.5,0,20,75,43,1,38,6,SNACKSIDE
Coca-Cola Zero Sugar (Large),0,0,0,0,0,75,0,0,0,0,BEVERAGE
Minute Maid Lemonade (Extra Small),110,0,0,0,0,70,28,0,27,0,BEVERAGE
Chocolate Shake (Small),530,15,9,0.5,60,260,87,1,74,12,BEVERAGE
Vanilla Shake (Small),490,14,9,0.5,60,230,79,0,59,11,BEVERAGE
Strawberry Shake (Small),500,15,9,0.5,60,190,80,0,71,12,BEVERAGE
Egg Nog Shake (Small),450,13,8,0.5,55,160,74,0,63,10,BEVERAGE
Hot Chocolate (Small),370,14,8,0,40,170,51,1,48,11,BEVERAGE
Coca-Cola Zero Sugar (Extra Small),0,0,0,0,0,30,0,0,0,0,BEVERAGE
Coca-Cola Zero Sugar (Medium),0,0,0,0,0,55,0,0,0,0,BEVERAGE
Coca-Cola Zero Sugar (Small),0,0,0,0,0,40,0,0,0,0,BEVERAGE
Iced Coffee (Large),260,9,6,0,35,90,45,0,42,3,BEVERAGE
Iced Coffee (Medium),180,7,4.5,0,25,65,30,0,28,2,BEVERAGE
Fat Free Chocolate Milk Jug,130,0,0,0,5,135,23,0,22,9,BEVERAGE
Dasani Water,0,0,0,0,0,0,0,0,0,0,BEVERAGE
One-percent Low Fat Milk Jug,100,2.5,1.5,0,10,125,12,0,12,8,BEVERAGE
Coca-Cola (Small),150,0,0,0,0,35,40,0,40,0,BEVERAGE
Diet Coke (Small),0,0,0,0,0,10,0,0,0,0,BEVERAGE
Dr Pepper (Small),140,0,0,0,0,40,38,0,37,0,BEVERAGE
Diet Dr Pepper (Small),0,0,0,0,0,75,0,0,0,0,BEVERAGE
Sprite (Small),150,0,0,0,0,70,39,0,38,0,BEVERAGE
Iced Tea (Small),0,0,0,0,0,10,0,0,0,0,BEVERAGE
Sweet Tea (Small),90,0,0,0,0,15,21,0,21,0,BEVERAGE
POWERADE Mountain Berry Blast (Small),90,0,0,0,0,110,22,0,22,0,BEVERAGE
Sweet Tea (Medium),110,0,0,0,0,20,28,0,28,0,BEVERAGE
Coca-Cola (Extra Small),110,0,0,0,0,25,30,0,30,0,BEVERAGE
Coca-Cola (Large),290,0,0,0,0,70,77,0,77,0,BEVERAGE
Coca-Cola (Medium),220,0,0,0,0,55,59,0,59,0,BEVERAGE
Diet Coke (Extra Small),0,0,0,0,0,10,0,0,0,0,BEVERAGE
Diet Coke (Large),0,0,0,0,0,20,1,0,0,0,BEVERAGE
Diet Coke (Medium),0,0,0,0,0,15,0,0,0,0,BEVERAGE
Diet Dr Pepper (Extra Small),0,0,0,0,0,55,0,0,0,0,BEVERAGE
Diet Dr Pepper (Large),0,0,0,0,0,140,0,0,0,0,BEVERAGE
Diet Dr Pepper (Medium),0,0,0,0,0,105,0,0,0,0,BEVERAGE
Dr Pepper (Extra Small),100,0,0,0,0,30,27,0,27,0,BEVERAGE
Dr Pepper (Large),280,0,0,0,0,80,75,0,73,0,BEVERAGE
Dr Pepper (Medium),200,0,0,0,0,55,54,0,53,0,BEVERAGE
Iced Tea (Extra Small),0,0,0,0,0,10,0,0,0,0,BEVERAGE
Iced Tea (Large),5,0,0,0,0,20,0,0,0,1,BEVERAGE
Iced Tea (Medium),0,0,0,0,0,15,0,0,0,1,BEVERAGE
Minute Maid Orange Juice (Large),280,0,0,0,0,5,65,0,58,4,BEVERAGE
POWERADE Mountain Berry Blast (Extra Small),70,0,0,0,0,85,16,0,16,0,BEVERAGE
POWERADE Mountain Berry Blast (Large),170,0,0,0,0,210,42,0,42,0,BEVERAGE
POWERADE Mountain Berry Blast (Medium),120,0,0,0,0,160,31,0,31,0,BEVERAGE
Sprite (Extra Small),110,0,0,0,0,50,29,0,29,0,BEVERAGE
Sprite (Large),280,0,0,0,0,130,74,0,73,0,BEVERAGE
Sprite (Medium),210,0,0,0,0,95,55,0,54,0,BEVERAGE
Sweet Tea (Extra Small),60,0,0,0,0,10,15,0,15,0,BEVERAGE
Sweet Tea (Large),160,0,0,0,0,25,38,0,38,1,BEVERAGE
Red Flash (Extra Small),120,0,0,0,0,30,31,0,31,0,BEVERAGE
Red Flash (Small),160,0,0,0,0,40,41,0,41,0,BEVERAGE
Red Flash (Medium),230,0,0,0,0,60,59,0,59,0,BEVERAGE
Red Flash (Large),300,0,0,0,0,80,79,0,79,0,BEVERAGE
Iced Classic Lemonade (Small),100,0,0,0,0,10,25,1,21,0,BEVERAGE
Iced Classic Lemonade (Medium),130,0,0,0,0,15,32,1,28,0,BEVERAGE
Iced Classic Lemonade (Large),170,0,0,0,0,15,43,1,37,1,BEVERAGE
Iced Strawberry Lemonade (Small),120,0,0,0,0,10,33,1,28,1,BEVERAGE
Iced Strawberry Lemonade (Medium),160,0,0,0,0,15,43,1,37,1,BEVERAGE
Iced Strawberry Lemonade (Large),220,0,0,0,0,20,57,1,50,1,BEVERAGE
Fanta Grape (Medium),240,0,0,0,0,75,63,0,61,0,BEVERAGE
Fanta Grape (Medium) No Ice,300,0,0,0,0,95,77,0,76,0,BEVERAGE
Sprite Zero (Extra Small) No Ice,0,0,0,0,0,45,0,0,0,0,BEVERAGE
Sprite Zero (Extra Small),0,0,0,0,0,35,0,0,0,0,BEVERAGE
Vitamin Water XXX Zero (Small),0,0,0,0,0,40,0,0,0,0,BEVERAGE
Blue Raspberry ICEE (Small),130,0,0,0,0,60,34,0,34,0,BEVERAGE
Orange Crush (Large),310,0,0,0,0,95,84,0,83,0,BEVERAGE
DO NOT USE Fanta Orange (Large) No Ice,410,0,0,0,0,90,112,0,110,0,BEVERAGE
Dr Pepper (Medium) No Ice,250,0,0,0,0,75,68,0,67,0,BEVERAGE
Diet Coke (Large) No Ice,0,0,0,0,0,125,0,0,0,0,BEVERAGE
Orange Crush (Extra Small) No Ice,160,0,0,0,0,45,44,0,43,0,BEVERAGE
Orange Crush (Extra Small),110,0,0,0,0,35,31,0,30,0,BEVERAGE
Diet Dr Pepper (Large) No Ice,0,0,0,0,0,180,1,0,0,0,BEVERAGE
Barq's Root Beer (Large) No Ice,420,0,0,0,0,135,109,0,109,0,BEVERAGE
Barq's Root Beer (Large),320,0,0,0,0,100,84,0,83,0,BEVERAGE
Fanta Strawberry (Small) No Ice,230,0,0,0,0,70,60,0,59,0,BEVERAGE
Fanta Strawberry (Small),50,0,0,0,0,10,14,0,14,0,BEVERAGE
Caffeine Free Diet Coke (Large),0,0,0,0,0,95,0,0,0,0,BEVERAGE
Dr Pepper (Large) No Ice,360,0,0,0,0,110,98,0,96,0,BEVERAGE
Caffeine Free Diet Coke (Large) No Ice,0,0,0,0,0,120,0,0,0,0,BEVERAGE
Sprite (Large) No Ice,370,0,0,0,0,170,97,0,95,0,BEVERAGE
Minute Maid Lemonade (Small),140,0,0,0,0,95,38,0,36,0,BEVERAGE
Minute Maid Lemonade (Small) No Ice,190,0,0,0,0,130,50,0,48,0,BEVERAGE
Minute Maid Light Lemonade (Small),5,0,0,0,0,45,2,0,0,0,BEVERAGE
Minute Maid Light Lemonade (Small) No Ice,10,0,0,0,0,55,3,0,0,0,BEVERAGE
Minute Maid Orange Juice (Small),150,0,0,0,0,0,36,0,32,2,BEVERAGE
Barq's Root Beer (Small) No Ice,220,0,0,0,0,70,58,0,58,0,BEVERAGE
Barq's Root Beer (Small),170,0,0,0,0,55,44,0,44,0,BEVERAGE
Fanta Grape (Large) No Ice,420,0,0,0,0,135,110,0,108,0,BEVERAGE
Fanta Grape (Large),330,0,0,0,0,100,85,0,83,0,BEVERAGE
Vitamin Water XXX Zero (Extra Small),0,0,0,0,0,30,0,0,0,0,BEVERAGE
Fanta Grape (Small),170,0,0,0,0,55,44,0,43,0,BEVERAGE
Fanta Grape (Small) No Ice,230,0,0,0,0,70,59,0,58,0,BEVERAGE
Red Flash (Large) No Ice,400,0,0,0,0,100,103,0,103,0,BEVERAGE
Coca-Cola Zero Sugar (Extra Small) No Ice,0,0,0,0,0,40,0,0,0,0,BEVERAGE
Sprite Zero (Large),5,0,0,0,0,85,0,0,0,0,BEVERAGE
Sprite Zero (Large) No Ice,10,0,0,0,0,110,0,0,0,0,BEVERAGE
Vitamin Water XXX Zero (Medium),0,0,0,0,0,55,0,0,0,0,BEVERAGE
FUZE Raspberry Tea (Small) No Ice,120,0,0,0,0,65,31,0,30,0,BEVERAGE
FUZE Raspberry Tea (Small),90,0,0,0,0,50,23,0,22,0,BEVERAGE
Red Flash (Extra Small) No Ice,160,0,0,0,0,40,41,0,41,0,BEVERAGE
Diet Coke (Small) No Ice,0,0,0,0,0,65,0,0,0,0,BEVERAGE
Minute Maid Strawberry Punch (Small) No Ice,210,0,0,0,0,70,57,0,56,0,BEVERAGE
Minute Maid Strawberry Punch (Small),160,0,0,0,0,50,43,0,42,0,BEVERAGE
Coca-Cola Zero Sugar (Large) No Ice,0,0,0,0,0,100,0,0,0,0,BEVERAGE
Coca-Cola (Medium) No Ice,270,0,0,0,0,60,70,0,70,0,BEVERAGE
Diet Dr Pepper (Medium ) No Ice,0,0,0,0,0,125,0,0,0,0,BEVERAGE
Dr Pepper (Small) No Ice,190,0,0,0,0,60,52,0,51,0,BEVERAGE
Minute Maid Strawberry Punch (Medium) No Ice,280,0,0,0,0,90,75,0,73,0,BEVERAGE
Minute Maid Strawberry Punch (Medium),220,0,0,0,0,70,61,0,59,0,BEVERAGE
Minute Maid Lemonade (Large) No Ice,360,0,0,0,0,240,95,0,90,0,BEVERAGE
Minute Maid Lemonade (Large),270,0,0,0,0,180,72,0,69,0,BEVERAGE
Orange Crush (Small),160,0,0,0,0,50,43,0,42,0,BEVERAGE
Orange Crush (Small) No Ice,220,0,0,0,0,65,59,0,58,0,BEVERAGE
Fanta Strawberry (Extra Small),130,0,0,0,0,40,33,0,33,0,BEVERAGE
Fanta Strawberry (Extra Small) No Ice,170,0,0,0,0,55,45,0,44,0,BEVERAGE
Sprite (Medium) No Ice,260,0,0,0,0,120,68,0,67,0,BEVERAGE
Blue Raspberry ICEE (Medium),170,0,0,0,0,80,44,0,44,0,BEVERAGE
Minute Maid Orange Juice (Medium),200,0,0,0,0,0,45,0,41,3,BEVERAGE
Minute Maid Light Lemonade (Medium),10,0,0,0,0,60,3,0,0,0,BEVERAGE
Minute Maid Light Lemonade (Medium) No Ice,10,0,0,0,0,75,3,0,0,0,BEVERAGE
POWERADE Mountain Berry Blast (Medium) No Ice,150,0,0,0,0,200,38,0,38,0,BEVERAGE
Fanta Grape (Extra Small),130,0,0,0,0,40,33,0,33,0,BEVERAGE
Fanta Grape (Extra Small) No Ice,170,0,0,0,0,55,44,0,43,0,BEVERAGE
Coke ICEE (Medium),170,0,0,0,0,70,47,0,47,0,BEVERAGE
Coca-Cola (Large) No Ice,380,0,0,0,0,90,100,0,100,0,BEVERAGE
Diet Dr Pepper (Small) No Ice,0,0,0,0,0,95,0,0,0,0,BEVERAGE
FUZE Raspberry Tea (Extra Small),70,0,0,0,0,40,17,0,17,0,BEVERAGE
FUZE Raspberry Tea (Extra Small) No Ice,90,0,0,0,0,50,23,0,22,0,BEVERAGE
Wild Cherry ICEE (Small),130,0,0,0,0,60,34,0,34,0,BEVERAGE
Minute Maid Lemonade (Medium) No Ice,250,0,0,0,0,170,66,0,63,0,BEVERAGE
Minute Maid Lemonade (Medium),200,0,0,0,0,135,54,0,51,0,BEVERAGE
Iced Tea (Gallon),40,0,0,0,0,75,0,0,0,5,BEVERAGE
Minute Maid Strawberry Punch (Large) No Ice,400,0,0,0,0,125,108,0,104,0,BEVERAGE
Minute Maid Strawberry Punch (Large),300,0,0,0,0,95,83,0,80,0,BEVERAGE
One-percent Low Fat Milk Jug California,130,2.5,1.5,0,15,160,16,0,15,11,BEVERAGE
POWERADE Mountain Berry Blast (Extra Small) No Ice,90,0,0,0,0,110,22,0,22,0,BEVERAGE
Mello Yello (Extra Small),120,0,0,0,0,40,33,0,33,0,BEVERAGE
Mello Yello (Extra Small) No Ice,160,0,0,0,0,50,44,0,44,0,BEVERAGE
Fanta Fruit Punch (Large) No Ice,400,0,0,0,0,150,104,0,102,0,BEVERAGE
Fanta Fruit Punch (Large),300,0,0,0,0,110,80,0,78,0,BEVERAGE
Mello Yello (Small),160,0,0,0,0,50,44,0,44,0,BEVERAGE
Mello Yello (Small) No Ice,220,0,0,0,0,65,58,0,58,0,BEVERAGE
Fanta Fruit Punch (Small) No Ice,210,0,0,0,0,80,55,0,55,0,BEVERAGE
Fanta Fruit Punch (Small),160,0,0,0,0,60,42,0,41,0,BEVERAGE
Red Flash (Small) No Ice,210,0,0,0,0,55,55,0,55,0,BEVERAGE
Mello Yello (Medium) No Ice,290,0,0,0,0,90,76,0,76,0,BEVERAGE
Mello Yello (Medium),230,0,0,0,0,70,62,0,62,0,BEVERAGE
Minute Maid Fruit Punch (Extra Small) No Ice,160,0,0,0,0,50,43,0,42,0,BEVERAGE
Minute Maid Strawberry Punch (Extra Small),120,0,0,0,0,40,32,0,31,0,BEVERAGE
Fanta Fruit Punch (Extra Small) No Ice,160,0,0,0,0,60,42,0,41,0,BEVERAGE
Diet Coke (Extra Small) No Ice,0,0,0,0,0,50,0,0,0,0,BEVERAGE
Fanta Fruit Punch (Extra Small),120,0,0,0,0,45,31,0,31,0,BEVERAGE
Fanta Strawberry (Medium) No Ice,300,0,0,0,0,95,78,0,77,0,BEVERAGE
Fanta Strawberry (Medium),240,0,0,0,0,75,63,0,63,0,BEVERAGE
Caffeine Free Diet Coke (Small),0,0,0,0,0,50,0,0,0,0,BEVERAGE
Caffeine Free Diet Coke (Small) No Ice,0,0,0,0,0,65,0,0,0,0,BEVERAGE
Coke ICEE (Small),130,0,0,0,0,55,35,0,35,0,BEVERAGE
Fanta Fruit Punch (Medium),230,0,0,0,0,80,59,0,58,0,BEVERAGE
Fanta Fruit Punch (Medium) No Ice,280,0,0,0,0,100,73,0,72,0,BEVERAGE
Sprite Zero (Medium) No Ice,5,0,0,0,0,80,0,0,0,0,BEVERAGE
Sprite Zero (Medium),0,0,0,0,0,65,0,0,0,0,BEVERAGE
POWERADE Mountain Berry Blast (Large) No Ice,220,0,0,0,0,280,55,0,55,0,BEVERAGE
Sprite Zero (Small) No Ice,0,0,0,0,0,60,0,0,0,0,BEVERAGE
Sprite Zero (Small),0,0,0,0,0,45,0,0,0,0,BEVERAGE
Fanta Strawberry (Large) No Ice,430,0,0,0,0,135,112,0,110,0,BEVERAGE
Fanta Strawberry (Large),90,0,0,0,0,20,26,0,26,0,BEVERAGE
Barq's Root Beer (Medium),240,0,0,0,0,75,62,0,62,0,BEVERAGE
Barq's Root Beer (Medium) No Ice,290,0,0,0,0,95,76,0,76,0,BEVERAGE
Wild Cherry ICEE (Medium),180,0,0,0,0,80,45,0,45,0,BEVERAGE
Vitamin Water XXX Zero (Large),0,0,0,0,0,75,0,0,0,0,BEVERAGE
Diet Dr Pepper (Extra Small) No Ice,0,0,0,0,0,70,0,0,0,0,BEVERAGE
Orange Crush (Medium) No Ice,290,0,0,0,0,80,77,0,76,0,BEVERAGE
Orange Crush (Medium),230,0,0,0,0,70,61,0,60,0,BEVERAGE
Coca-Cola (Extra Small) No Ice,150,0,0,0,0,35,40,0,40,0,BEVERAGE
FUZE Raspberry Tea (Medium),120,0,0,0,0,70,32,0,31,0,BEVERAGE
FUZE Raspberry Tea (Medium) No Ice,150,0,0,0,0,90,40,0,39,0,BEVERAGE
POWERADE Mountain Berry Blast (Small) No Ice,120,0,0,0,0,150,29,0,29,0,BEVERAGE
Sprite (Extra Small) No Ice,150,0,0,0,0,70,39,0,38,0,BEVERAGE
Coca-Cola Zero Sugar (Small) No Ice,0,0,0,0,0,55,0,0,0,0,BEVERAGE
Red Flash (Medium) No Ice,280,0,0,0,0,70,72,0,72,0,BEVERAGE
Minute Maid Light Lemonade (Extra Small),0,0,0,0,0,30,0,0,0,0,BEVERAGE
Minute Maid Light Lemonade (Extra Small) No Ice,5,0,0,0,0,45,2,0,0,0,BEVERAGE
Dr Pepper (Extra Small) No Ice,140,0,0,0,0,45,39,0,38,0,BEVERAGE
Coca-Cola Zero Sugar (Medium) No Ice,0,0,0,0,0,70,0,0,0,0,BEVERAGE
Coca-Cola (Small) No Ice,200,0,0,0,0,50,53,0,53,0,BEVERAGE
Caffeine Free Diet Coke (Extra Small),0,0,0,0,0,35,0,0,0,0,BEVERAGE
Caffeine Free Diet Coke (Extra Small) No Ice,0,0,0,0,0,50,0,0,0,0,BEVERAGE
Minute Maid Light Lemonade (Large),15,0,0,0,0,80,4,0,0,0,BEVERAGE
Minute Maid Light Lemonade (Large) No Ice,15,0,0,0,0,105,5,0,0,0,BEVERAGE
Caffeine Free Diet Coke (Medium),0,0,0,0,0,70,0,0,0,0,BEVERAGE
Caffeine Free Diet Coke (Medium) No Ice,0,0,0,0,0,85,0,0,0,0,BEVERAGE
FUZE Raspberry Tea (Large) No Ice,220,0,0,0,0,125,57,0,55,0,BEVERAGE
FUZE Raspberry Tea (Large),170,0,0,0,0,95,44,0,43,0,BEVERAGE
Sprite (Small) No Ice,200,0,0,0,0,90,51,0,51,0,BEVERAGE
Mello Yello (Large) No Ice,410,0,0,0,0,125,109,0,109,0,BEVERAGE
Mello Yello (Large),310,0,0,0,0,95,83,0,83,0,BEVERAGE
Barq's Root Beer (Extra Small),130,0,0,0,0,40,33,0,33,0,BEVERAGE
Barq's Root Beer (Extra Small) No Ice,170,0,0,0,0,55,44,0,44,0,BEVERAGE
Minute Maid Orange Juice (Value),110,0,0,0,0,0,27,0,24,2,BEVERAGE
Diet Coke (Medium) No Ice,0,0,0,0,0,85,0,0,0,0,BEVERAGE
Coke ICEE (Large),240,0,0,0,0,100,67,0,67,0,BEVERAGE
Wild Cherry ICEE (Large),250,0,0,0,0,115,64,0,64,0,BEVERAGE
Blue Raspberry ICEE (Large),240,0,0,0,0,115,63,0,63,0,BEVERAGE
Vernor's Ginger Ale (Medium),200,0,0,0,0,65,55,0,54,0,BEVERAGE
Vernor's Ginger Ale (Medium) No Ice,250,0,0,0,0,85,68,0,67,0,BEVERAGE
Vernor's Ginger Ale (Extra Small) No Ice,140,0,0,0,0,45,39,0,38,0,BEVERAGE
Vernor's Ginger Ale (Extra Small),100,0,0,0,0,35,27,0,27,0,BEVERAGE
Vernor's Ginger Ale (Small),140,0,0,0,0,45,38,0,37,0,BEVERAGE
Vernor's Ginger Ale (Small) No Ice,190,0,0,0,0,65,52,0,51,0,BEVERAGE
Vernor's Ginger Ale (Large),280,0,0,0,0,90,75,0,74,0,BEVERAGE
Vernor's Ginger Ale (Large) No Ice,360,0,0,0,0,120,97,0,96,0,BEVERAGE
Frozen Fanta Blue Raspberry (Medium),130,0,0,0,0,60,34,0,34,0,BEVERAGE
Frozen Fanta Blue Raspberry (Small),90,0,0,0,0,45,25,0,25,0,BEVERAGE
Frozen Fanta Blue Raspberry (Large),170,0,0,0,0,85,46,0,46,0,BEVERAGE
Hot Tea (Large),5,0,0,0,0,15,2,0,0,0,BEVERAGE
Hot Tea (Small),0,0,0,0,0,10,1,0,0,0,BEVERAGE
Southern Style Sweet Tea (Extra Small),80,0,0,0,0,10,20,0,20,0,BEVERAGE
Sweet Tea (Extra Small) No Ice,110,0,0,0,0,10,28,0,28,0,BEVERAGE
Southern Style Sweet Tea (Small),110,0,0,0,0,15,27,0,27,0,BEVERAGE
Southern Style Sweet Tea (Large),200,0,0,0,0,30,50,0,50,1,BEVERAGE
Southern Style Sweet Tea (Medium),150,0,0,0,0,20,36,0,36,0,BEVERAGE
Sweet Tea (Small) No Ice,170,0,0,0,0,15,42,0,42,1,BEVERAGE
Sweet Tea (Medium) No Ice,200,0,0,0,0,20,49,0,49,1,BEVERAGE
Southern Style Sweet Tea (Gallon),2110,0,0,0,0,140,521,0,521,4,BEVERAGE
Cherry Coca-Cola (Medium),230,0,0,0,0,60,59,0,59,0,BEVERAGE
Cherry Coca-Cola (Extra Small) No Ice,160,0,0,0,0,40,42,0,42,0,BEVERAGE
Cherry Coca-Cola (Extra Small),120,0,0,0,0,30,31,0,31,0,BEVERAGE
Cherry Coca-Cola (Medium) No Ice,280,0,0,0,0,70,73,0,73,0,BEVERAGE
Cherry Coke (Small) No Ice,210,0,0,0,0,55,56,0,56,0,BEVERAGE
Cherry Coca-Cola (Small),160,0,0,0,0,40,42,0,42,0,BEVERAGE
Cherry Coca-Cola (Large) No Ice,400,0,0,0,0,105,105,0,105,0,BEVERAGE
Cherry Coca-Cola (Large),310,0,0,0,0,80,80,0,80,0,BEVERAGE
Mr. Pibb Xtra (Large),290,0,0,0,0,45,79,0,79,0,BEVERAGE
Mr. Pibb Xtra (Large) No Ice,350,0,0,0,0,50,94,0,94,0,BEVERAGE
Mr. Pibb Xtra (Extra Small) No Ice,140,0,0,0,0,20,38,0,38,0,BEVERAGE
Mr. Pibb Xtra (Extra Small),120,0,0,0,0,20,32,0,32,0,BEVERAGE
Mr. Pibb Xtra (Small),170,0,0,0,0,25,45,0,45,0,BEVERAGE
Mr. Pibb Xtra (Small) No Ice,210,0,0,0,0,30,57,0,57,0,BEVERAGE
Mr. Pibb Xtra (Medium),210,0,0,0,0,35,58,0,58,0,BEVERAGE
Mr. Pibb Xtra (Medium) No Ice,250,0,0,0,0,35,67,0,67,0,BEVERAGE
Frozen Fanta Wild Cherry (Small),90,0,0,0,0,45,24,0,24,0,BEVERAGE
Frozen Fanta Wild Cherry (Medium),130,0,0,0,0,60,34,0,34,0,BEVERAGE
Frozen Fanta Wild Cherry (Large),170,0,0,0,0,80,45,0,45,0,BEVERAGE
Pepsi (Extra Small),110,0,0,0,0,25,29,0,29,0,BEVERAGE
Diet Pepsi (Extra Small),0,0,0,0,0,40,0,0,0,0,BEVERAGE
Mist Twist (Extra Small),110,0,0,0,0,25,28,0,28,0,BEVERAGE
Diet Pepsi (Large) No Ice,0,0,0,0,0,140,0,0,0,0,BEVERAGE
Pepsi (Medium),220,0,0,0,0,45,59,0,58,0,BEVERAGE
Pepsi (Medium) No Ice,270,0,0,0,0,55,73,0,72,0,BEVERAGE
Diet Pepsi (Small) No Ice,0,0,0,0,0,75,0,0,0,0,BEVERAGE
Diet Pepsi (Small),0,0,0,0,0,55,0,0,0,0,BEVERAGE
Pepsi (Large) No Ice,380,0,0,0,0,80,104,0,103,0,BEVERAGE
Pepsi (Large),290,0,0,0,0,60,79,0,79,0,BEVERAGE
Diet Pepsi (Medium) No Ice,0,0,0,0,0,100,0,0,0,0,BEVERAGE
Pepsi (Small),150,0,0,0,0,30,40,0,40,0,BEVERAGE
Diet Pepsi (Medium),0,0,0,0,0,80,0,0,0,0,BEVERAGE
Pepsi (Small) No Ice,200,0,0,0,0,45,55,0,55,0,BEVERAGE
Pepsi (Extra Small) No Ice,150,0,0,0,0,30,41,0,41,0,BEVERAGE
Diet Pepsi (Extra Small) No Ice,0,0,0,0,0,55,0,0,0,0,BEVERAGE
Mist Twist (Medium),220,0,0,0,0,45,57,0,57,0,BEVERAGE
Mist Twist (Medium) No Ice,270,0,0,0,0,60,71,0,71,0,BEVERAGE
Mist Twist (Large) No Ice,380,0,0,0,0,80,101,0,101,0,BEVERAGE
Mist Twist (Large),290,0,0,0,0,65,78,0,78,0,BEVERAGE
Mist Twist (Small),150,0,0,0,0,30,39,0,39,0,BEVERAGE
Mist Twist (Small) No Ice,200,0,0,0,0,45,54,0,54,0,BEVERAGE
Mist Twist (Extra Small) No Ice,150,0,0,0,0,35,41,0,41,0,BEVERAGE
Tropicana Pink Lemonade (Large) No Ice,110,0,0,0,0,110,28,0,28,0,BEVERAGE
Tropicana Pink Lemonade (Medium) No Ice,270,0,0,0,0,270,70,0,70,0,BEVERAGE
Tropicana Pink Lemonade (Medium),220,0,0,0,0,220,56,0,56,0,BEVERAGE
Tropicana Pink Lemonade (Large),300,0,0,0,0,300,77,0,77,0,BEVERAGE
Tropicana Pink Lemonade (Small),150,0,0,0,0,150,39,0,39,0,BEVERAGE
Tropicana Pink Lemonade (Small) No Ice,60,0,0,0,0,60,15,0,15,0,BEVERAGE
Vitamin Water XXX Zero (Medium) No Ice,0,0,0,0,0,70,0,0,0,0,BEVERAGE
Southern Style Sweet Tea (Extra Small) No Ice,150,0,0,0,0,10,37,0,37,0,BEVERAGE
Vitamin Water XXX Zero (Small) No Ice,0,0,0,0,0,55,0,0,0,0,BEVERAGE
Southern Style Sweet Tea (Small) No Ice,230,0,0,0,0,15,56,0,56,1,BEVERAGE
Southern Style Sweet Tea (Medium) No Ice,270,0,0,0,0,20,66,0,66,1,BEVERAGE
Vitamin Water XXX Zero (Large) No Ice,5,0,0,0,0,100,1,0,0,0,BEVERAGE
Sweet Tea (Large) No Ice,560,0,0,0,0,35,141,0,141,0,BEVERAGE
Vitamin Water XXX Zero (Extra Small) No Ice,0,0,0,0,0,40,0,0,0,0,BEVERAGE
Minute Maid Lemonade (Extra Small) No Ice,40,0,0,0,0,25,12,0,11,0,BEVERAGE
Mountain Dew (Medium),230,0,0,0,0,75,61,0,61,0,BEVERAGE
Mountain Dew (Medium) No Ice,80,0,0,0,0,25,22,0,22,0,BEVERAGE
Mountain Dew (Large) No Ice,410,0,0,0,0,125,110,0,109,0,BEVERAGE
Mountain Dew (Large),310,0,0,0,0,100,84,0,84,0,BEVERAGE
Mountain Dew (Extra Small),110,0,0,0,0,40,31,0,31,0,BEVERAGE
Mountain Dew (Extra Small) No Ice,160,0,0,0,0,50,44,0,44,0,BEVERAGE
Mountain Dew (Small),160,0,0,0,0,50,42,0,42,0,BEVERAGE
Mountain Dew (Small) No Ice,220,0,0,0,0,70,59,0,58,0,BEVERAGE
Hawaiian Punch Fruit Juicy Red (Medium),240,0,0,0,0,75,64,0,63,0,BEVERAGE
Hawaiian Punch Fruit Juicy Red (Medium) No Ice,300,0,0,0,0,95,79,0,78,0,BEVERAGE
Diet Pepsi (Large),0,0,0,0,0,110,1,0,0,0,BEVERAGE
Tropicana Pink Lemonade (Extra Small) No Ice,150,0,0,0,0,160,40,0,40,0,BEVERAGE
Tropicana Pink Lemonade (Extra Small),30,0,0,0,0,30,8,0,8,0,BEVERAGE
Hawaiian Punch Fruit Juicy Red (Large),320,0,0,0,0,105,86,0,85,0,BEVERAGE
Hawaiian Punch Fruit Juicy Red (Large) No Ice,420,0,0,0,0,135,113,0,111,0,BEVERAGE
Hawaiian Punch Fruit Juicy Red (Extra Small),120,0,0,0,0,40,32,0,31,0,BEVERAGE
Hawaiian Punch Fruit Juicy Red (Extra Small) No Ice,170,0,0,0,0,55,45,0,44,0,BEVERAGE
Hawaiian Punch Fruit Juicy Red (Small),160,0,0,0,0,50,44,0,43,0,BEVERAGE
Hawaiian Punch Fruit Juicy Red (Small) No Ice,230,0,0,0,0,70,60,0,59,0,BEVERAGE
Barq's Caffeine Free Root Beer (Medium) No Ice,290,0,0,0,0,120,76,0,76,0,BEVERAGE
Barq's Caffeine Free Root Beer (Medium),240,0,0,0,0,95,62,0,61,0,BEVERAGE
Barq's Caffeine Free Root Beer (Small),170,0,0,0,0,70,44,0,43,0,BEVERAGE
Barq's Caffeine Free Root Beer (Small) No Ice,220,0,0,0,0,90,58,0,58,0,BEVERAGE
Barq's Caffeine Free Root Beer (Large),320,0,0,0,0,130,83,0,83,0,BEVERAGE
Barq's Caffeine Free Root Beer (Large) No Ice,420,0,0,0,0,170,109,0,108,0,BEVERAGE
Barq's Caffeine Free Root Beer (Extra Small),120,0,0,0,0,50,33,0,33,0,BEVERAGE
Barq's Caffeine Free Root Beer (Extra Small) No Ice,170,0,0,0,0,70,44,0,43,0,BEVERAGE
DO NOT USE Fanta Orange (Small) No Ice,220,0,0,0,0,55,58,0,57,0,BEVERAGE
DO NOT USE Fanta Orange (Extra Small) No Ice,170,0,0,0,0,40,44,0,43,0,BEVERAGE
Minute Maid Orangeade Slushie (Medium),230,0,0,0,0,30,60,0,59,0,BEVERAGE
Minute Maid Cherry Limeade Slushie (Medium),250,0,0,0,0,20,67,0,64,0,BEVERAGE
Minute Maid Fruit Punch Slushie (Large),300,0,0,0,0,35,79,0,77,0,BEVERAGE
Minute Maid Fruit Punch Slushie (Medium),220,0,0,0,0,25,57,0,55,0,BEVERAGE
Minute Maid Fruit Punch Slushie (Small),170,0,0,0,0,20,44,0,43,0,BEVERAGE
Minute Maid Orangeade Slushie (Large),320,0,0,0,0,40,84,0,82,0,BEVERAGE
Minute Maid Orangeade Slushie (Small),180,0,0,0,0,20,47,0,46,0,BEVERAGE
Minute Maid Cherry Limeade Slushie (Large),340,0,0,0,0,30,94,0,90,0,BEVERAGE
Minute Maid Cherry Limeade Slushie (Small),190,0,0,0,0,15,52,0,50,0,BEVERAGE
Hot Tea (Medium),5,0,0,0,0,15,2,0,0,0,BEVERAGE
MIX by Sprite™ Tropic Berry (Large),70,0,0,0,0,40,20,0,20,0,BEVERAGE
MIX by Sprite™ Tropic Berry (Large) No Ice,100,0,0,0,0,50,26,0,26,0,BEVERAGE
MIX by Sprite™ Tropic Berry (Small),40,0,0,0,0,20,10,0,10,0,BEVERAGE
MIX by Sprite™ Tropic Berry (Small) No Ice,50,0,0,0,0,25,14,0,14,0,BEVERAGE
MIX by Sprite™ Tropic Berry (Extra Small),30,0,0,0,0,15,8,0,8,0,BEVERAGE
MIX by Sprite™ Tropic Berry (Extra Small) No Ice,40,0,0,0,0,20,10,0,10,0,BEVERAGE
MIX by Sprite™ Tropic Berry (Medium),60,0,0,0,0,30,14,0,15,0,BEVERAGE
MIX by Sprite™ Tropic Berry (Medium) No Ice,70,0,0,0,0,35,18,0,18,0,BEVERAGE
Honest Kids Appley Ever After (Box 6 fl oz Drink Box),35,0,0,0,0,10,9,0,8,0,BEVERAGE
Minute Maid Blue Raspberry Slushie (Large),340,0,0,0,0,25,91,0,88,0,BEVERAGE
Minute Maid Blue Raspberry Slushie (Small),190,0,0,0,0,15,51,0,49,0,BEVERAGE
Minute Maid Blue Raspberry Slushie (Medium),240,0,0,0,0,15,65,0,63,0,BEVERAGE
Minute Maid Tropic Twist Slushie (Medium),230,0,0,0,0,30,62,0,59,0,BEVERAGE
Minute Maid Tropic Twist Slushie (Large),330,0,0,0,0,45,87,0,83,0,BEVERAGE
Minute Maid Tropic Twist Slushie (Small),180,0,0,0,0,25,49,0,47,0,BEVERAGE
Orange Crush (Large) No Ice,120,0,0,0,0,0,1,10,0,0,BEVERAGE
Mocha (Small),340,12,7,0,35,140,49,2,45,9,MCCAFE
Coffee (Small),0,0,0,0,0,20,1,0,0,2,MCCAFE
Iced Latte (Small),120,6,3.5,0,20,85,10,0,9,6,MCCAFE
Chocolate Shake (Small),530,15,9,0.5,60,260,87,1,74,12,MCCAFE
Vanilla Shake (Small),490,14,9,0.5,60,230,79,0,59,11,MCCAFE
Strawberry Shake (Small),500,15,9,0.5,60,190,80,0,71,12,MCCAFE
Iced Coffee (Small),140,5,3.5,0,20,50,24,0,22,2,MCCAFE
Mocha Caramel (Small),310,11,7,0,35,230,44,0,40,9,MCCAFE
Frappe Mocha (Small),420,17,11,0.5,60,120,60,1,54,7,MCCAFE
Frappe Caramel (Small),420,18,11,1,65,125,60,0,55,7,MCCAFE
Strawberry Banana Smoothie (Small),190,0.5,0,0,5,40,44,2,39,2,MCCAFE
Mango Pineapple Smoothie (Small),200,0.5,0,0,5,35,45,1,42,2,MCCAFE
Hot Chocolate (Small),370,14,8,0,40,170,51,1,48,11,MCCAFE
Caramel Cappuccino (Small),210,5,3,0,15,300,35,0,32,6,MCCAFE
Vanilla Cappuccino (Small),190,5,3,0,15,70,30,0,29,6,MCCAFE
Iced Caramel Latte (Small),180,5,3,0,15,250,28,0,26,6,MCCAFE
Iced French Vanilla Latte (Small),190,6,3.5,0,20,85,28,0,26,7,MCCAFE
Latte (Small),140,8,4.5,0,25,100,12,0,11,7,MCCAFE
Iced Mocha (Small),290,11,7,0,35,120,40,1,36,7,MCCAFE
Iced Caramel Mocha (Small),280,11,6,0,35,180,37,0,32,7,MCCAFE
Cappuccino (Small),120,6,3.5,0,20,80,9,0,9,6,MCCAFE
Mocha Caramel (Medium),380,14,8,0,40,280,54,0,49,11,MCCAFE
Mocha Caramel (Large),460,17,10,0,50,350,64,0,59,14,MCCAFE
Hot Chocolate (Medium),450,17,10,0,50,210,63,2,58,14,MCCAFE
Strawberry Banana Smoothie (Large),330,1,0.5,0,5,70,76,4,68,4,MCCAFE
Iced Coffee Caramel (Small),140,5,3.5,0,20,220,23,0,20,3,MCCAFE
Iced Coffee French Vanilla (Small),120,5,3.5,0,20,50,19,0,17,2,MCCAFE
Iced Coffee (Large),260,9,6,0,35,90,45,0,42,3,MCCAFE
Iced Coffee (Medium),180,7,4.5,0,25,65,30,0,28,2,MCCAFE
Hot Chocolate (Large),540,20,12,0.5,60,280,73,1,68,17,MCCAFE
Iced Mocha (Large),490,17,10,0,50,210,71,2,65,13,MCCAFE
Iced Mocha (Medium),350,13,8,0,40,150,50,2,46,9,MCCAFE
Mocha (Medium),380,12,7,0,35,160,57,2,52,10,MCCAFE
Mocha (Large),500,17,10,0,50,220,72,2,66,15,MCCAFE
Latte (Medium),190,10,6,0,30,135,15,0,15,10,MCCAFE
Latte Caramel (Small),250,7,4,0,25,330,38,0,35,8,MCCAFE
Latte French Vanilla (Small),230,7,4,0,20,100,33,0,32,8,MCCAFE
Espresso Americano Coffee (Small),0,0,0,0,0,10,0,0,0,0,MCCAFE
Latte Iced (Medium),120,6,3.5,0,20,90,10,0,9,6,MCCAFE
Caramel Macchiato (Small),260,7,4,0,25,340,41,0,37,8,MCCAFE
Iced Caramel Macchiato (Medium),250,6,3.5,0,20,330,40,0,36,8,MCCAFE
Latte Iced (Large),170,9,5,0,30,125,14,0,13,9,MCCAFE
Iced Caramel Macchiato (Large),370,10,6,0,30,490,58,0,53,11,MCCAFE
Iced Caramel Macchiato (Small),210,6,3.5,0,20,260,32,0,29,6,MCCAFE
Cold Brew Frappe (Small),360,15,10,0.5,55,135,49,0,40,6,MCCAFE
Cold Brew Frozen Coffee (Small),290,11,7,0,40,120,41,0,34,6,MCCAFE
Baked Hot Apple Pie,240,11,6,0,0,95,35,4,16,2,DESSERT
Chocolate Chip Cookie,170,7,3.5,0,10,90,23,1,15,2,DESSERT
Oatmeal Raisin Cookie,140,5,2.5,0,10,125,22,1,12,2,DESSERT
Chocolate Shake (Medium),630,17,11,1,70,310,104,1,89,14,DESSERT
Chocolate Shake (Large),840,22,14,1,90,420,142,1,122,19,DESSERT
Vanilla Cone,200,5,3.5,0,20,80,32,0,24,5,DESSERT
Kiddie Cone,45,1,0.5,0,5,20,8,0,6,1,DESSERT
Hot Fudge Sundae,380,14,8,0,25,180,53,3,47,10,DESSERT
Hot Caramel Sundae,380,12,6,0,30,160,61,1,44,9,DESSERT
Strawberry Sundae,320,10,4.5,0,25,95,50,1,45,8,DESSERT
McFlurry with M&M'S Chocolate Candies,630,22,14,0.5,50,200,96,2,86,13,DESSERT
McFlurry with Oreo Cookies,510,17,9,0.5,45,280,80,1,64,12,DESSERT
Chocolate Shake (Small),530,15,9,0.5,60,260,87,1,74,12,DESSERT
Vanilla Shake (Small),490,14,9,0.5,60,230,79,0,59,11,DESSERT
Strawberry Shake (Small),500,15,9,0.5,60,190,80,0,71,12,DESSERT
Egg Nog Shake (Small),450,13,8,0.5,55,160,74,0,63,10,DESSERT
Strawberry & Crème Pie,290,15,9,0,10,160,34,2,13,3,DESSERT
Sugar Cookie,150,7,3,0,10,115,21,0,11,2,DESSERT
Shamrock Shake (Small),460,13,8,0.5,55,150,74,0,63,10,DESSERT
McFlurry with M&M'S Chocolate Candies (Snack Size),420,15,9,0,35,130,64,1,58,9,DESSERT
McFlurry with Oreo Cookies (Snack Size),340,11,6,0,30,180,53,0,42,8,DESSERT
Strawberry Shake (Medium),590,18,11,1,70,230,95,0,84,14,DESSERT
Strawberry Shake (Large),800,23,14,1,95,310,130,0,115,19,DESSERT
Vanilla Shake (Medium),590,17,11,1,70,270,96,0,72,13,DESSERT
Vanilla Shake (Large),800,22,14,1,90,370,131,0,99,18,DESSERT
Egg Nog Shake (Medium),560,16,10,1,65,200,91,0,78,12,DESSERT
Egg Nog Shake (Large),800,22,14,1,90,290,132,0,114,19,DESSERT
Shamrock Shake (Medium),560,16,10,1,65,190,91,0,78,12,DESSERT
Shamrock Shake (Large),800,22,14,1,90,290,131,0,113,19,DESSERT
McFlurry with Reese's Peanut Butter Cup,610,24,11,0.5,45,320,86,2,76,16,DESSERT
Sweet Potato and Creme Pie,290,16,9,0,10,170,32,1,13,3,DESSERT
Pumpkin and Creme Pie,280,16,9,0,10,170,31,1,13,3,DESSERT
McFlurry with Twix,640,17,10,0.5,45,460,107,1,89,13,DESSERT
McFlurry with Twix (Snack Size),460,12,7,0,30,380,80,0,67,9,DESSERT
Twist Cone,160,4,2.5,0,15,55,26,1,19,4,DESSERT
Mint Chocolate Chip Ice Cream (1 scoop),330,19,12,0,40,90,34,1,21,5,DESSERT
Fried Coconut (Haupia) Pie,270,17,6,0,0,220,29,1,7,2,DESSERT
Chocolate Ice Cream (1 scoop),260,15,9,0,40,80,30,1,19,5,DESSERT
Chocolate Cone (Large),330,9,6,0,35,105,53,2,43,9,DESSERT
Peaches and Creme Pie,300,16,9,0,15,150,36,1,14,3,DESSERT
Plain Sundae,210,6,4,0,25,85,32,0,28,6,DESSERT
Waffle Cone Sundae With Fudge Topping,430,12,8,0,30,210,73,3,51,9,DESSERT
Udderly Chocolate Ice Cream (1 scoop),320,17,11,0,40,115,37,1,26,5,DESSERT
Orange Sherbet (1 scoop),190,3,2,0,5,35,42,0,23,2,DESSERT
Vanilla Bean Ice Cream (1 scoop),290,17,11,0,45,100,30,0,17,5,DESSERT
Fried Taro Pie,240,11,3,0,0,120,34,2,11,2,DESSERT
Marionberry Pie Ice Cream (1 scoop),300,17,10,0,55,75,33,0,30,5,DESSERT
Chocolate Cone,180,4.5,3,0,15,55,29,1,22,5,DESSERT
Caramel Butter Pecan Ice Cream (1 scoop),330,20,10,0,40,125,34,1,23,5,DESSERT
Guava and Creme Pie,290,15,9,0,10,140,35,2,14,3,DESSERT
Vanilla Cone (Large),300,8,5,0,35,125,48,0,39,8,DESSERT
Twist Cone (Large),300,8,5,0,30,110,48,1,39,8,DESSERT
Oregon Strawberry Ice Cream (1 scoop no cone),280,16,10,0,40,90,37,1,18,5,DESSERT
Turtle Brownie Sundae,620,23,12,0.5,50,300,93,3,70,10,DESSERT
Chocolate Peanut Butter Ice Cream (1 scoop),340,21,11,0,40,140,35,2,18,6,DESSERT
McFlurry with Kit Kat (Regular),680,25,17,0.5,50,260,101,2,87,15,DESSERT
Strawberry Shortcake Sundae,390,12,6,0,50,180,65,1,54,7,DESSERT
Birthday Cake Dipped Cone,270,12,9,0,15,90,35,0,27,5,DESSERT
Coffee Almond Fudge Ice Cream (1 scoop),160,18,10,0,40,105,32,1,22,5,DESSERT
Cookie Dough Ice Cream (1 scoop),330,17,11,0,40,125,40,1,29,5,DESSERT
Caramel Sundae Waffle Cone,420,8,5,0,30,190,78,1,50,8,DESSERT
Hot Fudge Sundae Compostable Packaging,330,13,7,0,20,160,46,3,40,8,DESSERT
Cinnamon Coffee Cake Muffin,450,19,4.5,0,40,380,67,2,39,4,DESSERT
Tuxedo Coffee Cake,170,8,2.5,0,30,135,21,1,12,2,DESSERT
Fried Guava Pie,210,7,3,0,0,140,35,1,16,2,DESSERT
Mixed Berry and Lemon Creme Pie,290,16,9,0,15,170,35,2,13,3,DESSERT
Chocolate Dipped Twist Ice Cream Cone,310,11,9,0,20,80,41,1,32,6,DESSERT
Chocolate Dipped Chocolate Ice Cream Cone,310,11,9,0,20,75,42,2,33,6,DESSERT
Baked Cherry and Creme Pie,290,15,9,0,10,160,35,1,14,3,DESSERT
Oreo McFlurry Sandwich,670,26,13,0,50,370,99,2,71,12,DESSERT
M&M McFlurry Sandwich,750,29,16,0,55,320,110,3,87,13,DESSERT
Hot Caramel Sundae Compostable Packaging,340,10,5,0,25,140,54,1,38,7,DESSERT
Strawberry Sundae Compostable Packaging,270,80,13,18,20,6,3,14,3,6,DESSERT
Grape Jam,40,0,0,0,0,0,9,0,7,0,CONDIMENT
Strawberry Preserves,35,0,0,0,0,0,9,0,9,0,CONDIMENT
Sugar Packet,15,0,0,0,0,0,4,0,4,0,CONDIMENT
Calorie Sweetener,0,0,0,0,0,0,1,0,1,0,CONDIMENT
Splenda No Calorie Sweetener,0,0,0,0,0,0,1,0,1,0,CONDIMENT
Picante Sauce Packet (Hot),0,0,0,0,0,140,1,0,0,0,CONDIMENT
Picante Sauce Packet (Mild),0,0,0,0,0,130,1,0,0,0,CONDIMENT
Hot Mustard Sauce,60,2.5,0,0,5,230,8,1,6,1,CONDIMENT
Habanero Ranch Sauce,80,7,1,0,10,160,5,0,1,1,CONDIMENT
Ketchup Packet,10,0,0,0,0,90,2,0,2,0,CONDIMENT
Spicy Buffalo Sauce,30,3,0,0,0,510,1,0,0,0,CONDIMENT
Newman's Own Low Fat Balsamic Vinaigrette,35,2,0,0,0,400,4,0,3,0,CONDIMENT
Newman's Own Creamy Southwest Dressing,110,7,1.5,0,15,300,12,1,3,1,CONDIMENT
Newman's Own Low Fat Family Recipe Italian Dressing,50,1.5,0,0,0,380,8,1,2,0,CONDIMENT
Salt Packet,0,0,0,0,0,290,0,0,0,0,CONDIMENT
Honey,50,0,0,0,0,0,12,0,11,0,CONDIMENT
Newman's Own Ranch Dressing,190,16,2.5,0,20,500,11,1,4,1,CONDIMENT
Sweet 'N Sour Sauce,50,0,0,0,0,160,11,0,10,1,CONDIMENT
Hotcake Syrup,190,0,0,0,0,0,46,0,33,0,CONDIMENT
Peanuts Packet (for Sundaes),45,4,0.5,0,0,0,1,0,0,2,CONDIMENT
Tangy Barbeque Sauce,45,0,0,0,0,250,11,0,9,0,CONDIMENT
Buffalo Ranch McChicken,360,16,3,0,40,800,40,2,5,15,CONDIMENT
Whipped Butter (1 pat),40,4.5,2.5,0,15,35,0,0,0,0,CONDIMENT
Mayonnaise Packet,90,10,1.5,0,0,65,0,0,0,0,CONDIMENT
Low Fat Crunchy Granola Packet,30,0,0,0,0,40,6,0,2,1,CONDIMENT
Black Pepper Packet,0,0,0,0,0,0,0,0,0,0,CONDIMENT
Newman's Own Creamy French Dressing (Package),300,23,3.5,0,0,450,22,1,22,0,CONDIMENT
Big Mac Sauce,70,7,1,0,5,75,1,0,1,0,CONDIMENT
Mustard Packet,0,0,0,0,0,65,0,0,0,0,CONDIMENT
White Buttermints,15,0,0,0,0,0,0,1,0,0,CONDIMENT
Fruit 'n Yogurt Parfait,150,2,1,0,5,75,30,1,22,4,ALLDAYBREAKFAST
Sausage McMuffin with Egg,470,30,12,0,275,810,30,2,3,21,ALLDAYBREAKFAST
Hotcakes and Sausage,790,35,13,0,80,890,103,2,45,16,ALLDAYBREAKFAST
Sausage Burrito,300,16,6,0,165,780,26,1,2,13,ALLDAYBREAKFAST
Egg McMuffin,300,12,6,0,245,730,30,2,3,18,ALLDAYBREAKFAST
Bacon Egg & Cheese Biscuit,450,24,12,0,200,1300,40,2,3,18,ALLDAYBREAKFAST
Sausage Biscuit,460,30,13,0,40,1050,36,2,3,11,ALLDAYBREAKFAST
Sausage Biscuit with Egg,530,34,15,0,205,1140,38,2,3,17,ALLDAYBREAKFAST
Bacon Egg & Cheese McGriddles,420,18,8,0,195,1240,45,2,15,18,ALLDAYBREAKFAST
Sausage McGriddles,430,24,9,0,35,990,42,1,15,11,ALLDAYBREAKFAST
Sausage Egg & Cheese McGriddles,550,32,13,0,220,1290,45,2,15,20,ALLDAYBREAKFAST
Hotcakes,600,16,7,0,45,610,102,2,45,9,ALLDAYBREAKFAST
Hash Browns,150,9,1.5,0,0,320,16,1,0,1,ALLDAYBREAKFAST
Sausage McMuffin,400,230,39,51,55,19,31,10,7,14,ALLDAYBREAKFAST
Fruit 'n Yogurt Parfait,150,2,1,0,5,75,30,1,22,4,ADBISCUIT
Hotcakes and Sausage,790,35,13,0,80,890,103,2,45,16,ADBISCUIT
Sausage Burrito,300,16,6,0,165,780,26,1,2,13,ADBISCUIT
Bacon Egg & Cheese Biscuit,450,24,12,0,200,1300,40,2,3,18,ADBISCUIT
Sausage Biscuit,460,30,13,0,40,1050,36,2,3,11,ADBISCUIT
Sausage Biscuit with Egg,530,34,15,0,205,1140,38,2,3,17,ADBISCUIT
Bacon Egg & Cheese McGriddles,420,18,8,0,195,1240,45,2,15,18,ADBISCUIT
Sausage McGriddles,430,24,9,0,35,990,42,1,15,11,ADBISCUIT
Sausage Egg & Cheese McGriddles,550,32,13,0,220,1290,45,2,15,20,ADBISCUIT
Hotcakes,600,16,7,0,45,610,102,2,45,9,ADBISCUIT
Hash Browns,150,80,14,6,0,0,13,5,6,1,ADBISCUIT
Fruit 'n Yogurt Parfait,150,2,1,0,5,75,30,1,22,4,ADBMUFFIN
Sausage McMuffin with Egg,470,30,12,0,275,810,30,2,3,21,ADBMUFFIN
Hotcakes and Sausage,790,35,13,0,80,890,103,2,45,16,ADBMUFFIN
Sausage Burrito,300,16,6,0,165,780,26,1,2,13,ADBMUFFIN
Egg McMuffin,300,12,6,0,245,730,30,2,3,18,ADBMUFFIN
Hotcakes,600,16,7,0,45,610,102,2,45,9,ADBMUFFIN
Hash Browns,150,9,1.5,0,0,320,16,1,0,1,ADBMUFFIN
Sausage McMuffin,400,230,39,51,55,19,31,10,7,14,ADBMUFFIN
Hamburger,250,8,3,0,30,480,31,1,6,13,HAPPYMEAL
Chicken McNuggets (6 piece),270,16,2.5,0,45,510,16,1,0,15,HAPPYMEAL
Chicken McNuggets (4 piece),180,100,16,9,30,10,14,4,3,10,HAPPYMEAL
Apple Slices,15,0,0,0,0,0,4,0,3,0,HAPPYMEAL
Go-GURT Strawberry Flavored Low Fat Yogurt Tube,50,5,1,2,5,1,1,3,0,3,HAPPYMEAL
One-percent Low Fat Milk Jug,100,2.5,1.5,0,10,125,12,0,12,8,HAPPYMEAL
Honest Kids Appley Ever After (Box 6 fl oz Drink Box),35,0,0,0,0,0,0,3,0,0,HAPPYMEAL
Chicken McNuggets (6 piece),270,140,25,13,45,15,21,5,4,15,HAPPYMEAL
Fat Free Chocolate Milk Jug,130,0,0,0,5,135,23,0,22,9,HAPPYMEAL
One-percent Low Fat Milk Jug,100,20,4,8,10,3,5,4,0,8,HAPPYMEAL
Apple Slices,15,0,0,0,0,0,4,0,3,0,HAPPYMEAL
Go-GURT Strawberry Flavored Low Fat Yogurt Tube,50,5,1,2,5,1,1,3,0,3,HAPPYMEAL
Triple Cheeseburger,520,28,14,1.5,110,1180,35,2,7,32,MCPICK2A
Filet-O-Fish,390,19,4,0,45,560,38,2,5,17,MCPICK2A
Quarter Pounder with Cheese,530,27,13,1.5,100,1090,41,3,10,31,MCPICK2A
Chicken McNuggets (10 piece),440,240,41,22,75,25,35,9,7,24,MCPICK2A
Apple Slices,15,0,0,0,0,0,4,0,3,0,HAPPYMEAL
Hamburger,250,8,3,0,30,480,31,1,6,13,HAPPYMEAL
Cheeseburger,300,12,6,0.5,40,680,33,2,7,15,HAPPYMEAL
Chicken McNuggets (6 piece),270,16,2.5,0,45,510,16,1,0,15,HAPPYMEAL
Fat Free Chocolate Milk Jug,130,0,0,0,5,135,23,0,22,9,HAPPYMEAL
One-percent Low Fat Milk Jug,100,2.5,1.5,0,10,125,12,0,12,8,HAPPYMEAL
Chicken McNuggets (4 piece),180,11,2,0,30,340,11,1,0,10,HAPPYMEAL
Go-GURT Strawberry Flavored Low Fat Yogurt Tube,50,5,1,2,5,1,1,3,0,3,HAPPYMEAL
Signature Sriracha Burger on Artisan Roll,680,35,13,1.5,95,1040,57,3,13,32,SIGNATURE
Sweet BBQ Bacon Burger on Sesame Seed Bun,700,38,14,1.5,110,1310,52,3,14,38,SIGNATURE
Sweet BBQ Bacon Artisan Grilled Chicken on Sesame Seed Bun,600,23,7,0,135,1850,52,3,14,46,SIGNATURE
Sweet BBQ Bacon Buttermilk Crispy Chicken on Artisan Roll,830,39,11,0.5,105,1760,80,5,18,42,SIGNATURE
Sweet BBQ Bacon Burger on Artisan Roll,770,40,16,1.5,120,1340,62,3,18,42,SIGNATURE
Sweet BBQ Bacon Artisan Grilled Chicken on Artisan Roll,670,25,9,0.5,140,1870,61,3,18,50,SIGNATURE
Pico Guacamole Burger on Artisan Roll,660,36,14,1.5,100,950,51,4,11,34,SIGNATURE
Pico Guacamole Burger on Sesame Seed Bun,580,33,12,1.5,95,920,41,4,7,29,SIGNATURE
Sweet BBQ Bacon Buttermilk Crispy Chicken on Sesame Seed Bun,760,36,9,0,95,1740,71,5,14,37,SIGNATURE
Pico Guacamole Artisan Grilled Chicken on Sesame Seed Bun,470,18,5,0,115,1450,40,3,7,38,SIGNATURE
Pico Guacamole Artisan Grilled Chicken on Artisan Roll,550,20,7,0,120,1340,50,4,11,42,SIGNATURE
Signature Sriracha Buttermilk Crispy Chicken on Artisan Roll,760,36,9,0.5,85,1430,75,5,13,34,SIGNATURE
Pico Guacamole Buttermilk Crispy Chicken on Sesame Seed Bun,630,32,7,0,80,1340,59,5,7,29,SIGNATURE
Signature Sriracha Artisan Grilled Chicken on Artisan Roll,590,22,7,0,125,1390,56,3,14,43,SIGNATURE
Pico Guacamole Buttermilk Crispy Chicken on Artisan Roll,720,34,9,0,85,1380,69,6,11,33,SIGNATURE
Sweet BBQ Bacon Buttermilk Crispy Chicken on Texas Toast,800,36,9,0,95,1850,80,5,17,39,SIGNATURE
Pico Guacamole Artisan Grilled Chicken on Texas Toast,510,17,5,0,115,1570,49,4,10,40,SIGNATURE
Sweet BBQ Bacon Burger on Texas Toast,740,38,14,1.5,110,1430,61,3,16,40,SIGNATURE
Sweet BBQ Bacon Artisan Grilled Chicken on Texas Toast,640,22,7,0,135,1970,61,3,17,48,SIGNATURE
Pico Guacamole Buttermilk Crispy Chicken on Texas Toast,680,31,7,0,80,1460,68,5,10,31,SIGNATURE
Buffalo Bacon Burger on Artisan Roll,620,33,13,1.5,105,1170,46,3,11,37,SIGNATURE
Swiss Mushroom Melt Burger on Artisan Roll,620,33,17,1.5,115,570,47,3,11,36,SIGNATURE
Buffalo Bacon Artisan Grilled Chicken on Artisan Roll,520,17,5,0,125,1710,45,3,11,45,SIGNATURE
Swiss Mushroom Melt Buttermilk Crispy Chicken on Artisan Roll,700,32,12,0.5,105,1120,66,5,11,37,SIGNATURE
Swiss Mushroom Melt Artisan Grilled on Artisan Roll,540,19,10,0.5,140,1240,47,3,12,46,SIGNATURE
Buffalo Bacon Buttermilk Crispy Chicken on Artisan Roll,680,31,7,0,90,1600,64,4,11,36,SIGNATURE
Garlic White Cheddar Double Burger on Artisan Roll,920,55,23,3,185,1130,49,3,11,57,SIGNATURE
Garlic White Cheddar Artisan Grilled Chicken on Texas Toast,530,19,6,0,125,1170,47,3,10,42,SIGNATURE
Garlic White Cheddar Buttermilk Crispy Chicken on Texas Toast,690,33,8,0,85,1220,66,4,10,33,SIGNATURE
Garlic White Cheddar Burger on Texas Toast,610,33,13,1.5,95,820,47,3,10,31,SIGNATURE
Garlic White Cheddar Buttermilk Crispy Chicken on Artisan Roll,700,34,9,0,85,1190,67,5,11,33,SIGNATURE
Garlic White Cheddar Burger on Artisan Roll,640,35,14,1.5,100,760,49,3,11,33,SIGNATURE
Garlic White Cheddar Artisan Grilled Chicken on Artisan Roll,530,180,30,33,125,41,48,16,13,42,SIGNATURE
Sausage Egg & Cheese McGriddles,550,32,13,0,220,1290,45,2,15,20,MCPICK2B
Filet-O-Fish,390,19,4,0,45,560,38,2,5,17,MCPICK2B
Big Mac,540,28,10,1,80,950,45,3,9,25,MCPICK2B
Chicken McNuggets (10 piece),440,240,41,22,75,25,35,9,7,24,MCPICK2B
Sausage Egg & Cheese McGriddles,550,32,13,0,220,1290,45,2,15,20,MCPICK2C
Filet-O-Fish,390,19,4,0,45,560,38,2,5,17,MCPICK2C
Big Mac,540,28,10,1,80,950,45,3,9,25,MCPICK2C
Chicken McNuggets (10 piece),440,27,4.5,0,75,840,26,2,0,24,MCPICK2C